id,happiness
8001,-0.8991276
8002,0.043811675
8003,0.4573975
8004,-0.047477327
8005,-0.9267785
8006,0.24511896
8007,0.38358495
8008,0.3496044
8009,-0.4605054
8010,-0.70534116
8011,-1.2515718
8012,-0.3460844
8013,0.03860114
8014,-0.800793
8015,-0.51265746
8016,0.2425518
8017,-0.27428493
8018,-0.6513489
8019,-0.39054784
8020,-0.48125842
8021,-0.27541056
8022,-0.8428331
8023,-0.18391645
8024,-0.92504436
8025,-0.59097546
8026,0.30974886
8027,-0.3239076
8028,-0.5351783
8029,-0.28284243
8030,-0.23183377
8031,-0.67606974
8032,-0.44002154
8033,-1.1458389
8034,-0.8879419
8035,0.55816936
8036,1.9129446
8037,-0.38910675
8038,-0.7656033
8039,0.25910786
8040,-0.34350824
8041,0.39271745
8042,-0.5466821
8043,-0.65627086
8044,-0.33844867
8045,-0.69474393
8046,-0.38562617
8047,0.3500786
8048,-0.033378832
8049,-0.27805242
8050,-0.66158694
8051,-0.687991
8052,-0.08340691
8053,-0.33099332
8054,-0.14504007
8055,-0.11810703
8056,-0.113749795
8057,-0.7708767
8058,-0.57180434
8059,-0.24840273
8060,-0.28424224
8061,0.5553675
8062,-0.9983878
8063,0.13409323
8064,-0.44874206
8065,-0.2189818
8066,-0.12234109
8067,0.5164702
8068,-0.2947124
8069,-0.41753903
8070,-0.94307315
8071,-0.20503922
8072,-0.22360063
8073,-0.7453645
8074,-0.57947165
8075,-0.41745403
8076,0.0438755
8077,-0.7192558
8078,-0.93553835
8079,-0.1834594
8080,-0.5485723
8081,0.87247044
8082,-0.9003854
8083,0.20490007
8084,0.66485995
8085,0.748055
8086,0.07636846
8087,0.567877
8088,-0.0057418225
8089,-0.3181757
8090,-0.11124424
8091,0.17111567
8092,0.13479792
8093,0.75221354
8094,-0.37860653
8095,1.4663922
8096,-0.685387
8097,-0.98090506
8098,-0.14481778
8099,-0.05446761
8100,-0.057272084
8101,0.99646544
8102,-0.4098688
8103,-0.728255
8104,0.3288915
8105,-0.045448057
8106,-0.044671647
8107,1.1518314
8108,-0.6104258
8109,-0.5572502
8110,-0.76039016
8111,-0.00014546822
8112,-0.6054114
8113,0.03982505
8114,0.21768077
8115,-0.18966712
8116,-0.43318728
8117,-0.489657
8118,-0.37891415
8119,0.46829838
8120,0.2756433
8121,-0.016498554
8122,0.19400625
8123,-0.14341345
8124,-0.6074996
8125,0.3762726
8126,1.2363095
8127,-0.8179313
8128,0.03616867
8129,-0.3645312
8130,-0.60714835
8131,0.17743851
8132,0.77567554
8133,0.008769078
8134,-0.5928336
8135,-0.9753708
8136,2.1541214
8137,0.4273919
8138,0.49626604
8139,0.033996996
8140,-0.6829953
8141,-0.23399837
8142,-0.33638805
8143,-0.21002205
8144,-0.4630936
8145,-0.10158748
8146,-1.0941513
8147,0.40540627
8148,-0.9814185
8149,-0.8287496
8150,-0.8171853
8151,0.107811384
8152,0.27100965
8153,-0.41665688
8154,-0.8118849
8155,-0.9275989
8156,-0.7028021
8157,-0.7103424
8158,-0.48415068
8159,-0.59251094
8160,0.45280567
8161,-1.0360287
8162,-0.87083894
8163,0.23950988
8164,-0.0770014
8165,0.008567041
8166,-0.47403833
8167,-0.1444133
8168,-0.83176583
8169,0.038735315
8170,-0.17312555
8171,0.3821071
8172,-0.30904618
8173,0.6941946
8174,-0.19216411
8175,0.34804562
8176,-0.14899321
8177,-0.5938112
8178,-0.10747788
8179,0.7060882
8180,-0.47816375
8181,-0.56780356
8182,-0.25706986
8183,-0.020034347
8184,-0.24200292
8185,-0.70135766
8186,-0.72419333
8187,0.4429699
8188,-0.50085735
8189,-0.6730028
8190,1.1186483
8191,-0.16486038
8192,-0.7495165
8193,0.7244791
8194,0.65535617
8195,0.48989558
8196,-0.05243998
8197,-0.51184624
8198,-0.4371167
8199,0.42686757
8200,1.9059031
8201,0.18765642
8202,0.54231834
8203,0.11739505
8204,0.70477176
8205,-0.41872594
8206,-0.26388225
8207,-0.6919598
8208,-0.44945934
8209,0.060439054
8210,-0.8122178
8211,-0.29256126
8212,-0.47884914
8213,0.16548938
8214,-0.11636364
8215,-0.34786534
8216,0.45916632
8217,-0.69490075
8218,-0.7578652
8219,-0.32593462
8220,-0.05094694
8221,0.39505103
8222,0.16967337
8223,-0.59516746
8224,0.7011461
8225,0.22832216
8226,-0.49174938
8227,-0.11764363
8228,-0.59786385
8229,-0.8635426
8230,-0.60324115
8231,-0.4919878
8232,-0.5559785
8233,-0.0005246954
8234,-1.1502995
8235,-0.562815
8236,-0.6035816
8237,-0.30089328
8238,0.013872115
8239,-0.41885117
8240,-0.8004734
8241,-0.08751509
8242,-0.7397471
8243,-0.028718848
8244,-0.21629271
8245,-0.134865
8246,-0.05255396
8247,-0.7823389
8248,-0.720283
8249,-0.12812677
8250,0.06589397
8251,1.3157254
8252,0.63938874
8253,-0.6262805
8254,-0.6709293
8255,-0.41761205
8256,-0.27619287
8257,0.71261615
8258,-0.32357702
8259,-0.007126256
8260,-0.11717921
8261,0.25121492
8262,-0.09835697
8263,-0.20055677
8264,-0.5645847
8265,0.5636012
8266,-0.89604795
8267,-0.1796784
8268,0.09239704
8269,-1.2170377
8270,0.21997154
8271,-0.85390466
8272,-0.6782689
8273,0.184571
8274,-0.5046618
8275,-0.5276149
8276,0.25492975
8277,0.21553957
8278,0.2199334
8279,0.8888261
8280,-0.2593567
8281,0.43945557
8282,-0.2889814
8283,-0.1385224
8284,-0.51192635
8285,-0.09649224
8286,-0.7835547
8287,0.21810953
8288,-0.7774947
8289,-0.009780632
8290,-0.3174995
8291,0.24995972
8292,-0.719488
8293,0.15869185
8294,0.122772865
8295,0.0031986278
8296,-0.5929692
8297,-0.23542167
8298,0.976976
8299,-1.0508474
8300,-0.053552933
8301,-0.43760082
8302,0.6746444
8303,-0.990898
8304,-0.6706161
8305,-0.40265855
8306,1.0250084
8307,-0.05920673
8308,0.24373569
8309,0.118317045
8310,-0.86210936
8311,0.52638245
8312,0.39057443
8313,0.7427835
8314,-0.15451878
8315,-0.077912845
8316,0.053342912
8317,-1.1437309
8318,0.40643105
8319,-0.40018257
8320,-0.55444044
8321,-0.37812504
8322,0.09932833
8323,-0.5633226
8324,-0.496173
8325,-0.08704793
8326,0.5863261
8327,-0.12017768
8328,-0.077113055
8329,-0.46769282
8330,0.8122664
8331,0.5379612
8332,-0.31704876
8333,-0.00798242
8334,-0.55545646
8335,-0.86422575
8336,0.33519295
8337,-0.07990464
8338,-0.08996131
8339,-0.36886045
8340,-0.62385976
8341,0.022907894
8342,-0.5771789
8343,0.7446796
8344,0.1822574
8345,0.11508136
8346,-1.4703907
8347,-0.035651825
8348,-0.6013416
8349,-0.5819151
8350,-0.77432966
8351,0.33465472
8352,-0.9376666
8353,-0.69590956
8354,0.71552247
8355,-0.88225347
8356,-0.258666
8357,0.22335087
8358,-0.1410125
8359,-1.2388101
8360,0.2011094
8361,-0.14452359
8362,0.027771931
8363,-0.58539444
8364,-0.96680534
8365,-0.19325633
8366,-0.5913021
8367,0.123408206
8368,0.6256266
8369,-0.41785917
8370,-0.39517903
8371,-0.9655677
8372,0.1937529
8373,-0.13377388
8374,-0.8469715
8375,-0.7502643
8376,1.1010082
8377,0.08931581
8378,-0.14439362
8379,-0.21990979
8380,-0.75349474
8381,0.66889
8382,-0.25651774
8383,0.39191568
8384,-0.7200455
8385,0.70961636
8386,-0.30812904
8387,0.9668415
8388,1.3007337
8389,-1.1802952
8390,0.37271896
8391,-0.76339823
8392,-0.035551656
8393,-0.3963723
8394,-0.30958113
8395,-0.413581
8396,-0.4137163
8397,-0.44796738
8398,-0.84186774
8399,-0.34701988
8400,-0.91455716
8401,-0.08223381
8402,-0.27570328
8403,1.0070405
8404,-0.18154319
8405,0.30508927
8406,-0.56656224
8407,-0.30736366
8408,0.07764863
8409,-0.27173677
8410,1.2078773
8411,0.83659834
8412,-0.25394902
8413,-0.044026695
8414,0.656601
8415,-0.6020967
8416,-0.19485316
8417,-0.5377483
8418,-0.5389542
8419,-0.6237815
8420,-0.26059988
8421,-0.16072549
8422,-0.35359776
8423,1.421036
8424,-0.7026946
8425,-0.5331599
8426,-0.4926251
8427,-0.35116693
8428,0.6076499
8429,-0.15961011
8430,0.008288121
8431,-0.251857
8432,-0.49704954
8433,-0.4734966
8434,-0.28682348
8435,-0.62779087
8436,-0.5061577
8437,-0.76352906
8438,-0.26828235
8439,-0.81767297
8440,-0.7509441
8441,-0.44423267
8442,0.33674428
8443,-0.14002678
8444,-0.37206158
8445,-0.22182441
8446,-1.0045929
8447,0.13285233
8448,-0.0059399633
8449,-0.36681658
8450,0.064259715
8451,-0.69255584
8452,-0.70660406
8453,0.6962476
8454,1.1720082
8455,-0.9269697
8456,-0.4478602
8457,-0.1578085
8458,0.9719858
8459,1.0592391
8460,-0.38861528
8461,-0.5039968
8462,-0.7331141
8463,0.33627716
8464,0.24618246
8465,0.32363656
8466,0.8892156
8467,-0.22775091
8468,-0.37318456
8469,-0.85188824
8470,-0.5168337
8471,-0.014099704
8472,-0.296362
8473,-0.42565057
8474,-1.0955079
8475,-0.89073724
8476,-0.14319327
8477,0.030240882
8478,-0.6860263
8479,-0.2243675
8480,-0.29537025
8481,-0.32215616
8482,-0.5672647
8483,-0.5890443
8484,0.7967765
8485,-0.32492474
8486,0.86558956
8487,-0.80676156
8488,-0.19071148
8489,-0.09087355
8490,-0.0007977741
8491,-0.04342919
8492,-0.55775535
8493,-0.19804151
8494,0.1660397
8495,0.3047159
8496,-0.04207801
8497,-0.87766373
8498,-0.08394321
8499,-0.23450822
8500,0.41083285
8501,-1.2972103
8502,-0.6000731
8503,-0.3612211
8504,-0.42621285
8505,-1.1081016
8506,-0.5602285
8507,-0.65189475
8508,-0.82300377
8509,-0.4114878
8510,-0.20187108
8511,0.15091324
8512,0.43392637
8513,-0.6559622
8514,-0.3383505
8515,-0.40885374
8516,-0.7350881
8517,-0.39143333
8518,-0.7678064
8519,-0.18925546
8520,0.52456784
8521,0.18424226
8522,-0.4276937
8523,-0.4905382
8524,-0.63106084
8525,0.39122316
8526,-0.53451556
8527,0.45457202
8528,0.062449545
8529,-1.022437
8530,-0.075512014
8531,-0.6839363
8532,-0.14205131
8533,-0.27739677
8534,0.05876921
8535,1.0073059
8536,-0.1851476
8537,-0.5398785
8538,-0.17936878
8539,-0.51642084
8540,-0.40197915
8541,0.9047299
8542,-0.8674299
8543,-0.063193865
8544,0.02124292
8545,0.23624851
8546,-0.25304583
8547,0.1150369
8548,0.3472235
8549,-0.6578588
8550,-0.5362546
8551,-0.0591105
8552,-0.17265363
8553,0.9492286
8554,-0.7108837
8555,0.6972799
8556,-0.088245
8557,-0.26026747
8558,-0.15877818
8559,0.34627667
8560,-0.17260131
8561,-0.25749406
8562,-0.5476161
8563,-0.69304067
8564,-1.299077
8565,0.698652
8566,1.1551319
8567,0.086669646
8568,0.25543225
8569,-1.2159057
8570,1.360243
8571,-0.4113184
8572,-0.6017268
8573,-1.0317814
8574,0.61252916
8575,1.1424352
8576,-0.5512965
8577,0.14062636
8578,0.19410513
8579,-1.0965965
8580,-0.3921323
8581,0.5374742
8582,-0.46245137
8583,-0.32042843
8584,0.1735051
8585,0.21681468
8586,0.27128214
8587,-0.515041
8588,2.0425768
8589,-0.22441602
8590,-0.623182
8591,-0.118810646
8592,-0.3264539
8593,0.2480564
8594,-0.676515
8595,-0.09397181
8596,0.21841486
8597,-0.7332871
8598,-0.59367526
8599,-1.4130784
8600,-0.424677
8601,-1.0223159
8602,-0.36464337
8603,-0.1890784
8604,-0.3818088
8605,0.19304647
8606,0.016627181
8607,-0.3963895
8608,-0.18624039
8609,0.038154226
8610,-0.077971764
8611,-0.032987945
8612,-1.0728965
8613,-0.26246908
8614,-0.34530357
8615,0.33117536
8616,1.1850007
8617,-0.08055744
8618,-0.32623738
8619,-0.9596772
8620,0.16301113
8621,-0.60650575
8622,0.5434503
8623,1.869033
8624,-0.5289282
8625,-0.5567844
8626,0.90906906
8627,-0.14133735
8628,-0.43213233
8629,-0.62443894
8630,-0.04437741
8631,0.4289948
8632,-0.29679117
8633,-1.0910339
8634,-0.30884704
8635,-0.28387573
8636,-1.150667
8637,-0.7217344
8638,1.4399935
8639,-0.7317492
8640,-0.6426795
8641,0.9049499
8642,-0.49557483
8643,-0.67689466
8644,0.5643123
8645,-0.41103193
8646,-0.18668689
8647,-0.49697152
8648,-0.9738403
8649,1.4833212
8650,1.0552741
8651,-0.13486868
8652,-0.9882692
8653,-0.0007987576
8654,0.3245463
8655,-0.6982195
8656,-0.4736599
8657,0.85000485
8658,0.20112117
8659,-0.9453262
8660,-0.12623015
8661,-0.6639519
8662,-0.7365433
8663,0.26457787
8664,-0.40134618
8665,-0.5782226
8666,0.63997704
8667,0.697425
8668,-0.57294506
8669,-0.10714478
8670,-0.48286286
8671,-0.39584184
8672,0.092857845
8673,-0.5059891
8674,1.8176985
8675,-1.1741424
8676,0.61512005
8677,-0.07554024
8678,-0.39566532
8679,0.15265222
8680,-1.1221534
8681,0.30291694
8682,-0.71635777
8683,-0.46837142
8684,-0.27451536
8685,-0.31166527
8686,-1.0527556
8687,-0.3419821
8688,0.28927764
8689,-0.2748156
8690,-0.70840603
8691,0.73295796
8692,-0.095782064
8693,-0.41970602
8694,-0.6491336
8695,-0.09801144
8696,-0.40816423
8697,-0.29721668
8698,0.7416906
8699,-0.3932626
8700,0.31533295
8701,0.8321771
8702,-0.7998519
8703,0.33876386
8704,0.0006454704
8705,-0.08288021
8706,-0.3634176
8707,-0.44435802
8708,-0.1665848
8709,-0.21910167
8710,0.13565037
8711,-0.9791169
8712,1.4868954
8713,-0.35213977
8714,-0.027513448
8715,1.1968653
8716,0.40052554
8717,-0.4457527
8718,-0.30432066
8719,0.093576066
8720,-0.06567677
8721,0.12637433
8722,-0.5653327
8723,-0.7694854
8724,-0.4738739
8725,-0.3111119
8726,-0.22209096
8727,-0.13154033
8728,0.082965426
8729,0.35729954
8730,-0.20280333
8731,-0.008661794
8732,-0.35227075
8733,-0.047395427
8734,-0.35710868
8735,0.38739857
8736,-0.6814714
8737,-0.30130982
8738,-0.207832
8739,0.248657
8740,-0.62515867
8741,-0.618333
8742,-0.61571443
8743,-0.37126067
8744,-0.78192014
8745,-0.49353495
8746,-0.4641064
8747,-0.29308966
8748,1.8181909
8749,0.4434807
8750,0.31397295
8751,0.07643474
8752,-0.08725775
8753,-0.047930814
8754,-0.48099378
8755,0.31672606
8756,-0.43841127
8757,-0.12940128
8758,0.017758165
8759,0.17518543
8760,0.2185923
8761,-0.47001812
8762,-0.3656021
8763,0.13086106
8764,-0.3828975
8765,-0.10339726
8766,0.834682
8767,-0.39919743
8768,0.1305635
8769,0.11483056
8770,-0.38114807
8771,0.32935575
8772,-0.7164285
8773,0.48917183
8774,-0.63940066
8775,-0.086437844
8776,1.5299596
8777,-0.64552265
8778,-0.99344075
8779,-0.863949
8780,-0.66664404
8781,-0.05380433
8782,0.029132891
8783,1.4831995
8784,-0.22142589
8785,0.26289788
8786,-0.5164479
8787,-0.9230928
8788,-0.35478318
8789,-0.66372496
8790,1.1973897
8791,-0.7556736
8792,0.49816474
8793,-0.2155131
8794,0.19430281
8795,0.08234308
8796,0.010014115
8797,0.21439587
8798,0.84016716
8799,-0.7464705
8800,0.88933957
8801,-0.07427468
8802,-0.9311642
8803,-0.04638829
8804,-0.8335082
8805,-0.44696227
8806,0.22374178
8807,-0.4396762
8808,0.7807386
8809,-0.50822717
8810,0.31724814
8811,-0.6944367
8812,-0.70857716
8813,0.8482688
8814,-0.38721028
8815,-0.24124603
8816,-0.5524886
8817,-1.0077785
8818,-0.49174052
8819,-0.8026714
8820,-0.2939938
8821,0.78533983
8822,-0.262526
8823,1.1155778
8824,-0.38438472
8825,-0.5167491
8826,-0.6815654
8827,-0.13971181
8828,-0.36121503
8829,-0.45208684
8830,-0.62798244
8831,0.07345783
8832,-0.5881793
8833,-0.30401453
8834,-0.43416932
8835,-0.42568424
8836,-0.6857437
8837,-0.24475528
8838,-0.22977938
8839,-0.5448467
8840,0.19851883
8841,0.9076183
8842,0.14221609
8843,1.060397
8844,-0.33689645
8845,-0.08211579
8846,0.047575723
8847,-0.18845786
8848,-0.843514
8849,-0.20966555
8850,-1.0683563
8851,0.26983097
8852,-0.90498716
8853,0.22031504
8854,0.19612838
8855,-1.0488997
8856,1.1111279
8857,0.11142705
8858,-0.40652665
8859,-0.57955706
8860,0.49379504
8861,-0.22072986
8862,0.3148863
8863,0.532189
8864,-0.16592757
8865,1.5273576
8866,-0.15217549
8867,-0.49400935
8868,-0.64778525
8869,-0.5359436
8870,0.6365202
8871,-0.43444768
8872,0.086051755
8873,-0.40024456
8874,-0.8064592
8875,-0.27826872
8876,-0.9986057
8877,0.01448079
8878,0.2524131
8879,-0.9035703
8880,-0.093315326
8881,0.18569356
8882,-0.44376656
8883,-0.83034986
8884,-0.2140426
8885,-0.4647391
8886,-1.2139097
8887,-0.008530008
8888,0.80423486
8889,-0.4848208
8890,0.5138117
8891,0.27259266
8892,-0.4108043
8893,-0.33804688
8894,0.44098112
8895,0.33927754
8896,1.0440264
8897,-0.62107384
8898,-0.50384927
8899,-0.13036832
8900,-0.34622607
8901,0.6577351
8902,-0.8566648
8903,-0.906999
8904,-0.045813076
8905,-0.52004194
8906,-0.55545646
8907,0.02912103
8908,-0.78989166
8909,0.5351601
8910,-0.8615129
8911,-0.043486826
8912,1.1788656
8913,0.08028888
8914,0.1791799
8915,0.29132566
8916,-0.7695832
8917,-0.17627342
8918,0.58039576
8919,0.41281733
8920,-0.8464037
8921,-0.16334061
8922,-0.47522107
8923,-0.816189
8924,0.30972365
8925,-0.16888158
8926,0.44440094
8927,-0.61983037
8928,-0.4870728
8929,-0.3747672
8930,0.7631243
8931,-0.454716
8932,-0.30617806
8933,0.09004415
8934,-0.69284004
8935,-0.65103483
8936,-0.8064592
8937,-0.2711098
8938,-0.8596493
8939,-0.10666891
8940,0.69307095
8941,-0.85383075
8942,-0.007888155
8943,-0.009554958
8944,-0.002617355
8945,0.3200911
8946,1.2879448
8947,-0.88345194
8948,0.09667077
8949,-0.5647111
8950,-0.2545286
8951,-0.9989168
8952,0.4641169
8953,-0.2463273
8954,-0.52432567
8955,-0.28179333
8956,-0.90856606
8957,-0.0125665385
8958,0.97500074
8959,0.07020175
8960,-0.21629271
8961,-0.10926036
8962,-0.61450523
8963,-0.68347937
8964,-0.33712438
8965,-0.23276307
8966,0.6037959
8967,0.32145214
8968,0.5617147
8969,1.9312503
8970,0.06930388
8971,-0.7646977
8972,-0.26996633
8973,0.10923726
8974,-0.27538875
8975,0.2779238
8976,-0.0447736
8977,-0.31942686
8978,-0.792122
8979,-0.115277804
8980,-0.7806076
8981,0.17602997
8982,0.022769433
8983,-0.5013683
8984,-0.020324651
8985,0.0027246815
8986,-0.07069115
8987,-0.48951688
8988,0.055005174
8989,-0.5436465
8990,0.052453395
8991,-0.26609275
8992,-0.29256126
8993,0.43755713
8994,0.079421945
8995,0.6139411
8996,-0.46393445
8997,-0.42163095
8998,0.2571165
8999,-0.29260418
9000,-0.6555695
9001,-0.25381574
9002,-0.2347758
9003,-0.72515213
9004,-0.46866575
9005,0.1721468
9006,0.39253357
9007,-0.3729581
9008,-0.61589986
9009,-0.10670755
9010,-0.17044489
9011,0.5574412
9012,-0.008724643
9013,0.18442525
9014,-0.80277896
9015,-0.88657576
9016,-0.098380335
9017,0.0007100148
9018,-0.33236
9019,-0.07351237
9020,-0.227084
9021,-0.69718534
9022,0.75159013
9023,-1.1792235
9024,-0.19261636
9025,0.29583868
9026,-0.4373668
9027,0.08911035
9028,0.2915598
9029,-0.7237608
9030,0.61612296
9031,-0.45445725
9032,0.046225406
9033,0.1908344
9034,-0.14831066
9035,-0.8455301
9036,-0.39582595
9037,-0.49960163
9038,0.07236994
9039,-0.025458772
9040,-0.2571638
9041,-0.12995197
9042,-1.0684109
9043,0.27106404
9044,-0.09446267
9045,-0.26206505
9046,-0.649067
9047,-0.21479453
9048,0.5392362
9049,-0.40131208
9050,0.68131
9051,0.33085212
9052,-0.29064044
9053,-0.3493167
9054,-0.2182852
9055,-0.21038134
9056,-1.1271878
9057,0.5732142
9058,0.6231371
9059,-0.24119349
9060,-0.46599242
9061,-0.046224885
9062,-1.0482073
9063,0.046244185
9064,-1.0279031
9065,0.1604296
9066,-0.4060556
9067,-0.025036845
9068,-0.3267014
9069,0.40307772
9070,-0.43784383
9071,-0.54704887
9072,-0.019258145
9073,-0.29047838
9074,-0.95844424
9075,-0.536838
9076,-0.2342089
9077,0.39068308
9078,-0.80539227
9079,-0.48173591
9080,-0.8801515
9081,-0.5072004
9082,-0.012251483
9083,-0.75001687
9084,1.0104381
9085,0.4629905
9086,-0.17265363
9087,0.3396913
9088,-0.5714522
9089,-0.36280116
9090,-0.6904391
9091,-0.8016223
9092,-0.24503966
9093,-0.1154507
9094,-0.65217143
9095,0.5532237
9096,0.06684678
9097,-0.31767532
9098,-0.2363341
9099,-0.14390555
9100,0.60128164
9101,0.2543779
9102,-0.2107103
9103,-0.27736118
9104,0.1308093
9105,-0.55877775
9106,0.8013078
9107,0.615763
9108,-0.33831307
9109,0.42608842
9110,0.022864431
9111,0.5829768
9112,-0.27772537
9113,0.2520873
9114,-0.4719495
9115,-0.5970339
9116,0.6507848
9117,-0.39839318
9118,0.7754974
9119,-0.20525546
9120,-0.3803443
9121,-0.8730895
9122,-0.1305501
9123,-0.80962825
9124,-0.92635864
9125,-0.14266667
9126,-0.24815197
9127,-0.09165379
9128,-0.42073885
9129,-0.39958528
9130,-0.4803109
9131,0.45683613
9132,-0.61618024
9133,-0.5569504
9134,-0.059995197
9135,-0.558749
9136,-0.07421883
9137,-0.003200672
9138,-1.215508
9139,-0.1251455
9140,0.72922075
9141,-0.35585487
9142,0.9531357
9143,-0.9181363
9144,-0.026965115
9145,0.43967095
9146,-0.42222044
9147,-1.1482804
9148,-0.05759155
9149,0.4511048
9150,0.31252244
9151,-0.0952222
9152,0.025232915
9153,0.33297274
9154,0.12344473
9155,-0.35961363
9156,0.49491093
9157,0.07967696
9158,-0.34859368
9159,-0.52415687
9160,-0.43119296
9161,-0.5148183
9162,0.8549288
9163,0.82993054
9164,0.036647663
9165,-0.123631634
9166,-0.5241348
9167,-0.68313974
9168,0.048443202
9169,-0.0637333
9170,0.5227373
9171,-0.66463804
9172,-1.0577592
9173,-0.26821473
9174,-0.3931011
9175,0.83193076
9176,0.13899854
9177,1.1576399
9178,-0.56095725
9179,-0.7381444
9180,-0.106875874
9181,0.37366566
9182,-1.1812335
9183,-0.25991783
9184,0.7824466
9185,-1.1521653
9186,0.03496283
9187,0.011410391
9188,-0.011797262
9189,-0.0064223288
9190,-0.8652143
9191,0.3805025
9192,0.016100544
9193,-0.30865905
9194,0.48592684
9195,-0.32130823
9196,-0.048876934
9197,-0.7094866
9198,-0.15407339
9199,0.014877768
9200,0.28864774
9201,-0.115564935
9202,-0.09201092
9203,-0.43644616
9204,-0.31241283
9205,-0.10367166
9206,1.0365379
9207,-0.49843422
9208,0.7044943
9209,1.0211105
9210,0.9255358
9211,-0.6041355
9212,0.5574178
9213,-0.16184916
9214,0.5439623
9215,-0.5083911
9216,-0.36985537
9217,0.10808899
9218,1.0439794
9219,1.8748662
9220,0.027446162
9221,0.32236138
9222,0.19478677
9223,-0.33357176
9224,0.17277603
9225,-0.39728883
9226,0.06695961
9227,-1.1359676
9228,0.23387714
9229,-0.19076426
9230,1.153871
9231,-0.867993
9232,0.3898531
9233,-0.0731658
9234,-0.34759796
9235,-0.44484648
9236,0.23327732
9237,-0.7986754
9238,-0.44256938
9239,-0.060864918
9240,-0.2137172
9241,1.339198
9242,1.0131196
9243,-0.56456023
9244,-0.5338097
9245,-0.22511068
9246,2.1481688
9247,-0.17564735
9248,0.7755276
9249,0.09906427
9250,-0.007911997
9251,-0.79306775
9252,-0.082116455
9253,-0.5171649
9254,-0.65528953
9255,0.63760173
9256,-0.5721462
9257,-0.18551691
9258,-0.28395703
9259,-0.10384344
9260,0.041466758
9261,-0.8491781
9262,-0.32600704
9263,-0.95500565
9264,-0.32828996
9265,0.121546485
9266,-0.6007543
9267,-0.62097126
9268,-0.34951898
9269,-0.7807015
9270,-0.026131261
9271,1.8147116
9272,-0.32993153
9273,-0.030749697
9274,-0.4418188
9275,-0.48855427
9276,-0.57088524
9277,-0.22782548
9278,-0.86094326
9279,-0.86434
9280,-0.8425909
9281,1.0562617
9282,-0.5675678
9283,-0.12084768
9284,0.70619726
9285,-0.24904104
9286,-0.41660723
9287,0.66672206
9288,-1.3832012
9289,-0.32371524
9290,-0.06771239
9291,0.77304375
9292,-0.43896982
9293,0.60431546
9294,-0.87770593
9295,-0.19014837
9296,0.20467496
9297,-0.75862616
9298,-0.035298668
9299,-0.6623336
9300,-0.16555433
9301,0.7314621
9302,0.12852965
9303,0.43008927
9304,0.45237753
9305,-0.19274776
9306,-0.115564935
9307,-0.26360986
9308,-0.5862924
9309,0.28433242
9310,-0.8166501
9311,0.34732398
9312,-0.57641625
9313,0.051966745
9314,-0.49862942
9315,-0.74386597
9316,-0.16932864
9317,-0.91870505
9318,-0.72183096
9319,0.11567903
9320,-0.34486195
9321,0.14952983
9322,0.07043386
9323,-0.016624305
9324,-0.71241313
9325,-0.5464261
9326,-0.39732715
9327,0.5543368
9328,-1.1107967
9329,-0.51542777
9330,-0.2959248
9331,-0.4885246
9332,-0.11908195
9333,-0.54163593
9334,0.41749486
9335,-0.3525659
9336,-0.37332729
9337,0.1657958
9338,0.16835956
9339,0.9131708
9340,0.9547642
9341,0.6325487
9342,-0.45668218
9343,-0.64473337
9344,0.21589778
9345,-0.74825925
9346,-0.10572862
9347,0.068107285
9348,-1.2203608
9349,-0.4137738
9350,-0.5070605
9351,0.8752884
9352,0.6194148
9353,-0.46847484
9354,-0.28533992
9355,0.5926861
9356,-0.2949094
9357,-0.29241633
9358,0.77848476
9359,-0.46038538
9360,-0.47734293
9361,-0.023284141
9362,-0.43386504
9363,-0.3106118
9364,-0.6930818
9365,-0.5572502
9366,1.0449991
9367,0.7031976
9368,0.58194935
9369,0.43682858
9370,0.33972624
9371,-0.49591824
9372,-0.22021776
9373,-0.41307184
9374,0.66910434
9375,0.44532558
9376,-0.22622147
9377,-0.054738227
9378,-0.55058914
9379,-0.09167714
9380,-0.31813404
9381,-0.10491883
9382,0.45908406
9383,-0.850203
9384,-0.09589506
9385,0.08759225
9386,1.5212164
9387,-0.732757
9388,-0.45250455
9389,0.94373465
9390,-1.0059696
9391,-0.6673938
9392,-0.4368404
9393,0.26603913
9394,0.7720692
9395,-0.31992188
9396,0.43022427
9397,0.5549116
9398,1.546223
9399,-0.9605751
9400,0.16795625
9401,0.22367132
9402,-0.18119664
9403,-0.28920385
9404,-1.2674077
9405,0.24048573
9406,-0.64869595
9407,-0.5466821
9408,-0.2819088
9409,0.46302742
9410,-0.11854748
9411,-0.5222015
9412,-0.5734768
9413,0.3078917
9414,-0.76914024
9415,0.022464212
9416,-0.68433756
9417,-0.45790163
9418,-0.34215137
9419,-0.55103225
9420,-0.52858615
9421,0.447539
9422,0.5218588
9423,0.2132554
9424,-0.68598425
9425,-0.5416027
9426,-0.16171291
9427,-0.5483189
9428,-0.5251056
9429,-1.3608675
9430,-0.17446585
9431,-0.21905163
9432,-0.310699
9433,-0.10832461
9434,-0.57472944
9435,-0.27054003
9436,-0.12290906
9437,-0.45860276
9438,-0.578402
9439,0.025264855
9440,-0.044790976
9441,-0.45554647
9442,-0.67271423
9443,-0.41593817
9444,-0.8760732
9445,-0.54561067
9446,0.09527711
9447,-0.37625965
9448,0.34403446
9449,-0.18044858
9450,-0.41367456
9451,0.46725252
9452,0.30202895
9453,-0.65191203
9454,-0.44050887
9455,-0.025032181
9456,-0.26246908
9457,0.75869066
9458,-0.47032416
9459,-1.0624207
9460,0.2523703
9461,-0.3549433
9462,-0.32902077
9463,-0.7341729
9464,-1.0285463
9465,-0.5708612
9466,0.2600589
9467,-0.14210972
9468,0.69463086
9469,-0.07636293
9470,-0.45340464
9471,-0.49385348
9472,0.29406747
9473,0.060531028
9474,0.045037623
9475,-0.57325035
9476,-0.11128674
9477,0.2781305
9478,-0.3167012
9479,-0.50909036
9480,-0.1704814
9481,-0.9947446
9482,0.10393644
9483,0.39073822
9484,-0.022616748
9485,-0.10061919
9486,-0.027398828
9487,-0.69963723
9488,-0.019687686
9489,0.4629797
9490,-0.29787824
9491,-0.57289654
9492,-0.6341366
9493,0.41257104
9494,-1.1004483
9495,-0.3695719
9496,0.85600376
9497,-1.1168902
9498,-0.49697217
9499,0.19566022
9500,-0.22945936
9501,0.22605379
9502,-0.06902943
9503,0.13365577
9504,0.40604398
9505,0.6283843
9506,-0.01678544
9507,0.14445487
9508,-0.8431114
9509,0.1523622
9510,0.24278648
9511,-0.6870887
9512,-0.10106508
9513,-0.92504436
9514,-0.64415663
9515,-0.21079989
9516,0.42880955
9517,-1.376222
9518,0.021033842
9519,0.2982519
9520,0.09973965
9521,1.1021272
9522,0.43881658
9523,-1.1424465
9524,-0.26924983
9525,-0.561146
9526,-0.34195545
9527,-0.32723922
9528,-1.1998048
9529,0.053727355
9530,-0.104697
9531,1.423001
9532,-1.0305493
9533,-0.6552553
9534,-0.85675055
9535,0.12682001
9536,-0.105475836
9537,0.009491941
9538,0.6099482
9539,0.45352772
9540,-0.86092937
9541,0.02338368
9542,-0.3983012
9543,-0.8251927
9544,-0.5859971
9545,-0.4962701
9546,-0.01462266
9547,0.14190757
9548,-0.58028907
9549,-0.87056285
9550,0.5876352
9551,-0.35337457
9552,0.35660425
9553,-0.7293355
9554,0.11186283
9555,0.12435479
9556,-0.22541177
9557,-0.20077534
9558,-0.57297784
9559,0.436856
9560,-0.6139421
9561,-0.4732165
9562,0.0033009988
9563,-0.3577377
9564,0.1091081
9565,-0.19020303
9566,0.40405652
9567,-0.083247505
9568,0.5406397
9569,0.3239524
9570,-0.26529256
9571,0.46581605
9572,-0.19326662
9573,-0.3413286
9574,-0.43906388
9575,0.039578203
9576,1.971326
9577,-0.6572482
9578,0.11408893
9579,0.20595276
9580,0.38566053
9581,1.0772067
9582,-0.85146743
9583,0.04829307
9584,-1.0694375
9585,0.42719302
9586,0.60116136
9587,-0.4102436
9588,-0.84104496
9589,-0.36399487
9590,0.4378691
9591,-0.9181363
9592,0.09560812
9593,-0.816189
9594,-0.57154775
9595,-0.6063669
9596,-0.89984965
9597,0.5538898
9598,-0.7740717
9599,-0.52798414
9600,0.5092562
9601,0.32586136
9602,-0.6521813
9603,0.83654076
9604,-0.50998807
9605,-0.01629256
9606,0.8560718
9607,0.10389266
9608,0.32760897
9609,-0.6870173
9610,-0.641506
9611,-0.4729546
9612,0.16400667
9613,-0.06661897
9614,-0.10855814
9615,0.050997343
9616,-0.37695244
9617,0.26684976
9618,0.22449702
9619,-0.22664858
9620,-0.38772717
9621,-0.20823653
9622,-0.9706407
9623,0.7594473
9624,-0.162032
9625,-0.2689089
9626,0.79600513
9627,0.8627179
9628,0.21575518
9629,0.8679808
9630,-0.33584556
9631,0.31574407
9632,0.21758564
9633,0.4982976
9634,-0.92528826
9635,-0.29938325
9636,-0.22522423
9637,-0.60371387
9638,0.29243162
9639,-0.11494637
9640,-0.34465918
9641,0.79263574
9642,-0.59864664
9643,0.40665677
9644,-0.05183638
9645,-0.01939318
9646,-0.4973335
9647,-0.9181363
9648,-0.77352595
9649,0.98615265
9650,0.064603426
9651,-0.10636742
9652,0.26612246
9653,-0.41129884
9654,-0.50740916
9655,-0.5776058
9656,-0.6357502
9657,-0.25529924
9658,-0.41315147
9659,0.63423645
9660,0.052003164
9661,0.42239836
9662,-0.31368044
9663,0.31138757
9664,-0.6278994
9665,0.35465923
9666,-0.86318946
9667,-0.6969676
9668,-0.1735086
9669,0.0059408518
9670,-0.5843138
9671,-0.4707909
9672,-0.38356903
9673,0.4215019
9674,-0.7094962
9675,-0.84601474
9676,-0.9752372
9677,0.059574727
9678,1.3514756
9679,0.3430482
9680,0.4450557
9681,-0.47082683
9682,-0.83568376
9683,1.5043885
9684,0.8856848
9685,-0.15293862
9686,-1.1767644
9687,-0.4782829
9688,0.26839846
9689,-0.5035874
9690,-0.37176022
9691,0.088879935
9692,-0.4205313
9693,0.76401645
9694,-0.505402
9695,-0.83024967
9696,0.03399934
9697,0.8193682
9698,-0.48115888
9699,-0.21064998
9700,0.28056198
9701,-0.6087704
9702,0.7141933
9703,-0.7185065
9704,-0.78491694
9705,0.019342337
9706,-0.5229743
9707,-0.25465563
9708,-0.2723892
9709,-0.4487885
9710,0.7915446
9711,0.63962436
9712,-0.44496927
9713,0.41630068
9714,-0.50172
9715,-0.95841956
9716,-0.34114775
9717,0.1735083
9718,-0.29328635
9719,0.49718615
9720,-0.4003603
9721,-0.5770055
9722,0.31516215
9723,0.7127035
9724,0.37861642
9725,-0.43491122
9726,-1.0391978
9727,-0.7458137
9728,-0.12936313
9729,-0.7458705
9730,-0.6446013
9731,1.143007
9732,-0.70530754
9733,0.4064856
9734,-0.26198038
9735,-0.15827085
9736,-0.11939893
9737,-0.2501152
9738,-0.09084629
9739,-0.71976054
9740,1.0159963
9741,0.90448916
9742,-0.91527945
9743,-0.8318227
9744,0.0118368175
9745,-0.24396606
9746,-0.17876334
9747,-0.69969386
9748,-0.56483936
9749,0.4314971
9750,-0.2524883
9751,-0.6558314
9752,0.24315299
9753,-0.55871785
9754,0.54689765
9755,0.017071668
9756,0.03483544
9757,0.88915485
9758,-0.25959095
9759,1.066832
9760,-0.087691255
9761,-0.021543
9762,1.0889624
9763,0.0807407
9764,-0.029854346
9765,0.83038664
9766,-1.2633375
9767,-0.3616443
9768,-0.1914636
9769,-0.079583935
9770,0.32764676
9771,0.5685173
9772,-0.21730714
9773,-0.7617822
9774,-0.6036398
9775,-0.37632427
9776,-1.0079752
9777,-0.62396616
9778,-0.26521644
9779,0.77039224
9780,-0.63194937
9781,-0.5693821
9782,-0.46010408
9783,0.13126762
9784,-0.624121
9785,-0.61991584
9786,-0.5979736
9787,-0.63794297
9788,-0.4280198
9789,0.7559742
9790,-0.061574824
9791,0.2660886
9792,0.41195354
9793,-0.6451326
9794,-0.530166
9795,1.028843
9796,-0.7218067
9797,-0.26084068
9798,0.79837143
9799,-0.32870027
9800,-0.704058
9801,-0.34768727
9802,0.9465132
9803,0.4606718
9804,-0.4243956
9805,-0.8831871
9806,0.87498474
9807,-0.2570138
9808,-0.025120784
9809,0.09814579
9810,-0.4613692
9811,-0.37557256
9812,-0.31996423
9813,-0.3875645
9814,-0.8758807
9815,-0.2622004
9816,-0.35546026
9817,-0.17698644
9818,-0.51798564
9819,0.42406738
9820,-0.8764963
9821,-0.30015728
9822,-0.19233514
9823,-0.6065084
9824,0.4394692
9825,0.27914226
9826,-0.23422696
9827,-0.3068972
9828,-0.38509074
9829,-0.38861528
9830,0.025956694
9831,-0.15987165
9832,-0.55384815
9833,-0.6402307
9834,0.6647968
9835,0.14380538
9836,-0.09316025
9837,-0.8325245
9838,-0.13522355
9839,-0.3249127
9840,0.07684498
9841,-0.89127064
9842,-0.34957555
9843,-0.14760101
9844,0.31901845
9845,-0.51058483
9846,-0.8222193
9847,-0.54870397
9848,-0.45643196
9849,0.01264458
9850,-0.07079581
9851,-0.053539623
9852,-0.12794426
9853,-0.84110695
9854,-0.57354784
9855,-0.1595454
9856,-0.29969618
9857,0.8670218
9858,-0.3330131
9859,0.7415999
9860,-0.53861594
9861,0.34950635
9862,0.111802034
9863,-0.4719222
9864,0.24816163
9865,0.3391771
9866,-0.7906337
9867,0.52461934
9868,-0.2233643
9869,-0.8000445
9870,1.0055022
9871,-0.8432132
9872,-0.8475104
9873,-0.6156346
9874,-0.11471597
9875,0.28032163
9876,-0.64335924
9877,-0.21754828
9878,0.73138404
9879,-0.21946174
9880,-0.5456644
9881,0.5280423
9882,-0.60617274
9883,-0.18907936
9884,0.74283016
9885,-0.23837836
9886,-1.3919806
9887,0.27054697
9888,0.18831131
9889,-0.47903386
9890,0.10072891
9891,-1.2026957
9892,-0.9242751
9893,0.65196353
9894,-0.6366555
9895,0.2712134
9896,-0.90652084
9897,0.08313341
9898,-0.7537798
9899,-0.54058343
9900,-0.19659515
9901,-1.0829358
9902,-0.35290983
9903,-1.0448984
9904,-0.75634855
9905,0.5757644
9906,-0.53516567
9907,0.61023134
9908,0.08495609
9909,-0.6068457
9910,0.2920883
9911,-0.7769986
9912,0.49935856
9913,0.60209525
9914,-0.6938587
9915,0.27914587
9916,0.8514378
9917,-0.7058993
9918,-0.6535111
9919,-0.02643754
9920,-0.07554024
9921,-0.44923458
9922,-0.418874
9923,2.1217644
9924,-0.61001676
9925,-0.5363423
9926,-0.013591753
9927,0.66442037
9928,-0.22868718
9929,-0.35790643
9930,-0.019907255
9931,-0.84186774
9932,0.31971762
9933,-0.41887078
9934,-0.96207964
9935,-0.9781029
9936,0.71130365
9937,-0.39021176
9938,0.6026088
9939,-0.09582003
9940,-0.32935783
9941,-0.4247546
9942,-0.620764
9943,-0.21972111
9944,-0.72112566
9945,0.42699572
9946,-1.0332512
9947,-0.10779818
9948,-1.0039772
9949,-0.07349386
9950,-0.5356425
9951,-0.5008579
9952,1.1402555
9953,-0.53604794
9954,-0.8380632
9955,-0.71292406
9956,0.77255327
9957,0.27652672
9958,-0.44226143
9959,0.45198092
9960,-0.57942855
9961,0.9735516
9962,0.39790276
9963,-0.29167125
9964,-0.7799154
9965,-0.6068083
9966,-0.919012
9967,0.3929071
9968,-0.2264993
9969,-0.5554017
9970,-0.9640689
9971,-0.5024693
9972,-0.28149396
9973,0.09499205
9974,-0.7883696
9975,0.16760525
9976,-0.89249796
9977,-0.0931913
9978,-0.864002
9979,-0.61685765
9980,-0.8600276
9981,-0.28847095
9982,0.11989469
9983,-0.3020021
9984,0.1967255
9985,-0.6786937
9986,-1.0256255
9987,0.6845169
9988,-0.15367706
9989,0.15596834
9990,1.6274797
9991,-0.69680995
9992,-0.6683288
9993,-0.65912956
9994,0.70533067
9995,0.010247091
9996,0.22087578
9997,-0.29636452
9998,0.12344564
9999,-0.61999035
10000,2.1089566
10001,0.86677885
10002,-0.29651585
10003,0.60188675
10004,0.3373544
10005,-0.58780843
10006,-0.15652317
10007,-0.9454855
10008,-0.15632075
10009,-0.27731982
10010,0.7715796
10011,-0.23815437
10012,-0.086510606
10013,-0.25074342
10014,-0.106522895
10015,0.34274647
10016,-1.2974685
10017,0.37349138
10018,-1.0885149
10019,-0.15729204
10020,-0.3571016
10021,-0.16362765
10022,0.4179888
10023,0.3842145
10024,-0.6463099
10025,-0.9930217
10026,-0.56454927
10027,-0.72007996
10028,-0.53034467
10029,1.8489138
10030,-1.2136873
10031,-0.7610564
10032,-0.41712424
10033,-0.20603265
10034,-0.24701168
10035,-0.24931462
10036,0.30609712
10037,0.9230046
10038,-0.17041989
10039,-0.22774483
10040,-0.738147
10041,0.027239066
10042,-0.60221285
10043,0.2174506
10044,0.52116346
10045,0.43368074
10046,0.5827349
10047,-0.32796988
10048,-0.8184875
10049,0.9009571
10050,-0.6337576
10051,-0.8392586
10052,-0.040885963
10053,1.088153
10054,-0.5381921
10055,-0.6570725
10056,0.10674965
10057,-0.6884412
10058,0.82344455
10059,-0.33019444
10060,-0.45691767
10061,-0.23523952
10062,-0.19816014
10063,0.6973568
10064,-0.75182444
10065,-0.49304095
10066,-1.004585
10067,0.03183892
10068,0.024932493
10069,-0.35044894
10070,-0.6758241
10071,-0.43761507
10072,-0.122323655
10073,-0.41553316
10074,-1.0028061
10075,-0.9377375
10076,-0.3248361
10077,-0.06640317
10078,-0.21996912
10079,0.04406425
10080,-0.34738395
10081,-0.1653551
10082,0.32723892
10083,-0.43099615
10084,-0.6310364
10085,0.3516269
10086,0.24945886
10087,-0.5536342
10088,0.04659617
10089,0.4562948
10090,0.35431996
10091,-0.28026077
10092,-0.3447143
10093,-0.22133183
10094,0.26351178
10095,0.015341168
10096,-0.5726558
10097,-1.280506
10098,1.2965937
10099,-0.6777429
10100,-0.701719
10101,-0.013743253
10102,-0.38769832
10103,-0.12963077
10104,-0.5887922
10105,0.24046761
10106,0.83606476
10107,-0.35998818
10108,0.24108739
10109,-0.0714673
10110,0.2587332
10111,0.70796174
10112,0.28528842
10113,0.30288294
10114,-1.3031834
10115,0.4941441
10116,-0.84873664
10117,1.1040162
10118,0.33859876
10119,-0.45212165
10120,-0.40118483
10121,-0.21514927
10122,-0.21125983
10123,-0.39913806
10124,-0.3865125
10125,-1.1100934
10126,0.0013461455
10127,-0.7486966
10128,-0.59247774
10129,-0.45678136
10130,-0.20396303
10131,0.027372483
10132,-0.51704407
10133,-0.60798246
10134,-0.9891625
10135,-0.2111649
10136,0.27986702
10137,-0.6426795
10138,-0.5490843
10139,-0.7486966
10140,0.57419527
10141,-0.16917433
10142,-0.45734063
10143,0.687761
10144,-0.10021425
10145,-0.09687925
10146,-0.36151502
10147,0.38572994
10148,-0.44464394
10149,0.145938
10150,-0.28996572
10151,-0.27808055
10152,1.2069576
10153,-1.1192381
10154,0.5566636
10155,-0.4945989
10156,-0.7496217
10157,-0.5352785
10158,-0.5827762
10159,-0.6277545
10160,-0.809062
10161,-0.038726874
10162,1.0130128
10163,0.50477505
10164,-0.7759058
10165,-0.12497785
10166,-0.31532535
10167,-0.7358945
10168,-0.09198562
10169,-0.13482966
10170,-0.47093102
10171,-0.25754645
10172,-0.40643898
10173,-0.43223017
10174,-0.5561116
10175,-0.02885482
10176,-0.22405729
10177,-0.0033640745
10178,0.20075808
10179,-0.2675464
10180,-0.25451538
10181,0.21163104
10182,0.5881561
10183,-0.54079956
10184,0.15159069
10185,-0.2180109
10186,0.8065468
10187,-0.7093366
10188,-0.19103028
10189,-0.47346166
10190,0.604261
10191,-0.8189277
10192,-0.4995211
10193,-0.35014126
10194,1.5545459
10195,0.02719568
10196,-0.42963162
10197,0.07454943
10198,-0.91621083
10199,0.2606938
10200,0.5223263
10201,0.83896667
10202,-0.6589875
10203,-0.18540539
10204,-0.6928669
10205,-0.21555002
10206,0.16897911
10207,-0.5187675
10208,0.90967214
10209,-0.4610118
10210,0.4294205
10211,-0.10143309
10212,1.1507498
10213,-0.686305
10214,-0.12513198
10215,-0.47969687
10216,-0.015257018
10217,-0.54817855
10218,-0.5596798
10219,0.8530706
10220,0.7299654
10221,0.014928402
10222,-0.20460655
10223,-0.23426814
10224,-0.28466204
10225,0.060933568
10226,-0.44926533
10227,-0.27417108
10228,-0.48657313
10229,-0.41716596
10230,-0.62873465
10231,-0.705499
10232,0.6075338
10233,-0.18550362
10234,0.0624381
10235,-0.7754029
10236,0.9975581
10237,-0.30371818
10238,0.61691093
10239,-0.07878976
10240,-0.1251455
10241,0.74656093
10242,0.71200573
10243,-0.84511244
10244,0.24963558
10245,-0.73655343
10246,0.16166317
10247,-0.10369598
10248,-0.7026142
10249,-0.28357527
10250,-0.08806857
10251,-0.6533574
10252,-0.09085848
10253,1.3749878
10254,0.4903557
10255,-0.58861715
10256,-0.5972202
10257,-0.6062978
10258,0.26273447
10259,0.14337282
10260,-0.4117268
10261,-0.530846
10262,-0.5033633
10263,-0.22746165
10264,-0.2855341
10265,0.3557963
10266,0.32224914
10267,-0.6625663
10268,-0.63258004
10269,-0.07417149
10270,-1.0254937
10271,-0.63539696
10272,-0.25788084
10273,0.12584528
10274,-0.46353874
10275,-0.47327128
10276,0.49497518
10277,-0.23370808
10278,-0.2740229
10279,0.21125065
10280,-0.27940318
10281,-0.019885544
10282,0.46105203
10283,-0.94035465
10284,-0.9635048
10285,1.6292287
10286,0.7063894
10287,0.30738714
10288,-0.4776475
10289,0.214279
10290,-0.20966555
10291,-0.4159818
10292,-0.29081246
10293,-0.732609
10294,-0.7518855
10295,0.8668545
10296,0.94317997
10297,-0.046588786
10298,-0.71891445
10299,0.030802019
10300,0.20541508
10301,-0.28774887
10302,0.5004485
10303,-1.613048
10304,-0.3278419
10305,0.51211387
10306,0.19669773
10307,-0.7185741
10308,0.4808323
10309,-0.81207323
10310,-0.21545477
10311,0.6817328
10312,-0.9053482
10313,0.6270187
10314,0.41999492
10315,1.8176037
10316,0.57493395
10317,-0.10081188
10318,0.0304369
10319,-0.023630992
10320,-0.46618223
10321,-0.71129674
10322,0.05617414
10323,-0.12117206
10324,0.40624848
10325,-0.5136661
10326,-0.6702425
10327,-0.80588645
10328,-0.39650762
10329,-0.54288274
10330,-0.9199243
10331,-0.31858137
10332,-0.689978
10333,-0.5089881
10334,-0.29638538
10335,-0.13229771
10336,-0.5346359
10337,-0.1741793
10338,-1.3353065
10339,-0.32838374
10340,0.4626021
10341,1.8731073
10342,-0.78443694
10343,0.272034
10344,-1.0585741
10345,0.034609143
10346,0.011081552
10347,-0.3725036
10348,-0.7359855
10349,0.119177885
10350,-0.847162
10351,-0.7343986
10352,-0.0515318
10353,0.6536351
10354,0.1465269
10355,0.057934836
10356,-0.7705534
10357,-0.3827704
10358,-0.29648212
10359,-0.7455922
10360,-0.23681514
10361,-0.48001957
10362,-1.4443288
10363,-0.6684166
10364,0.4851363
10365,-0.11058045
10366,-0.2715514
10367,-0.44289324
10368,-0.719184
10369,-0.06951954
10370,0.7124809
10371,-0.37243068
10372,-0.40383697
10373,-0.05090078
10374,-0.38502988
10375,-0.9625015
10376,-0.5334293
10377,0.3071242
10378,-0.6107996
10379,0.00805456
10380,-1.031734
10381,0.33571944
10382,0.214702
10383,-0.24716069
10384,0.0535574
10385,-0.4826158
10386,-0.3608549
10387,0.43014535
10388,-0.47749886
10389,-0.33846697
10390,-0.26527825
10391,-1.1167393
10392,0.16455893
10393,-0.7331125
10394,-0.6078686
10395,-0.072125964
10396,-0.01622926
10397,0.1343793
10398,-0.08858109
10399,-0.69184905
10400,-0.52890754
10401,0.24691077
10402,0.016623672
10403,-0.19120432
10404,0.1927605
10405,0.6966073
10406,0.44707456
10407,-1.0696198
10408,-0.16888158
10409,-0.61243635
10410,-0.7142365
10411,0.02676003
10412,0.0037811329
10413,0.32418498
10414,-0.66045
10415,-0.3019974
10416,-0.20345767
10417,-0.33049592
10418,0.18994899
10419,-0.7889548
10420,-0.7515885
10421,-0.40845326
10422,-0.5867966
10423,0.11407796
10424,-0.14210357
10425,0.107622825
10426,-0.06922864
10427,0.6149164
10428,-0.76974005
10429,-0.5339177
10430,-0.39548853
10431,-0.59107447
10432,1.0408623
10433,0.69377273
10434,-0.146618
10435,-0.7695553
10436,-0.49972567
10437,-0.24946345
10438,0.7771596
10439,-0.3147258
10440,-0.51984787
10441,-0.021290928
10442,-0.7112807
10443,-0.7594552
10444,0.6903918
10445,0.3803123
10446,-0.23894592
10447,-0.93415254
10448,1.1820809
10449,0.1224506
10450,-0.37242785
10451,-0.752729
10452,-1.0618092
10453,-0.33235928
10454,0.6766752
10455,-0.60085297
10456,-0.49100205
10457,0.7887697
10458,0.5620378
10459,-0.6216445
10460,0.20741715
10461,-0.39439467
10462,-0.31654558
10463,-0.5491631
10464,-0.74896914
10465,0.15739316
10466,0.6100038
10467,-0.9167394
10468,-0.3441399
10469,0.23749661
10470,-0.27447173
10471,-0.86604613
10472,-0.21046703
10473,1.1072628
10474,-0.6598691
10475,-0.21358229
10476,-1.1512084
10477,-0.38782206
10478,0.6717747
10479,0.76752317
10480,-0.26899877
10481,0.46783832
10482,-0.015499281
10483,0.35249707
10484,-0.8211726
10485,-0.46307895
10486,0.619292
10487,-1.3891925
10488,-0.7208732
10489,0.65473765
10490,-0.55727434
10491,1.0316188
10492,0.7584743
10493,-0.5207514
10494,0.08479578
10495,0.18515114
10496,-0.39333645
10497,0.13368776
10498,0.26328373
10499,1.2395072
10500,0.6154316
10501,-0.74327815
10502,1.2948872
10503,-0.07504431
10504,-0.18620057
10505,0.79425013
10506,-0.8266934
10507,0.70966053
10508,-0.96813774
10509,0.29321435
10510,-0.36032906
10511,-0.6619366
10512,-0.06828878
10513,-1.1061084
10514,-0.012940275
10515,-0.07489777
10516,-0.1893899
10517,-0.03182868
10518,-0.62024295
10519,0.6382701
10520,-0.617852
10521,0.6197185
10522,0.72113484
10523,-0.41761205
10524,0.21284236
10525,0.0469775
10526,-0.5503116
10527,-0.3924974
10528,-0.04981149
10529,-0.42155883
10530,0.73743635
10531,-0.2983097
10532,-0.26377144
10533,-0.44406542
10534,-0.17466597
10535,0.014156466
10536,-0.1165527
10537,0.3902898
10538,-0.20555942
10539,0.63208675
10540,-0.85000736
10541,-0.25052354
10542,-0.744764
10543,0.29730937
10544,-0.6664937
10545,-0.060094424
10546,-0.33489576
10547,-0.5560333
10548,0.2747688
10549,0.5334508
10550,0.34251195
10551,-0.3412855
10552,-0.39163956
10553,-0.14067471
10554,-0.57361543
10555,0.027172145
10556,-0.67271423
10557,-0.59843564
10558,0.11851824
10559,0.23038574
10560,-0.3034111
10561,-1.0568358
10562,-0.6387405
10563,-0.90075225
10564,-0.27325043
10565,-1.1159406
10566,-0.7579786
10567,-0.059859537
10568,0.034334227
10569,-1.1330291
10570,-1.0328777
10571,0.15344042
10572,0.089220084
10573,-0.47049084
10574,-0.5391181
10575,0.81260043
10576,0.23481776
10577,0.17303048
10578,-0.7390954
10579,-0.29573658
10580,-1.11097
10581,-0.57166296
10582,-0.33722785
10583,-0.6599372
10584,0.060272638
10585,-0.56122506
10586,-0.66066283
10587,0.13058092
10588,-0.8912145
10589,-0.31620428
10590,-0.46381578
10591,0.13094358
10592,0.053802963
10593,-1.3582169
10594,0.57053816
10595,0.5259815
10596,0.27545103
10597,-0.023630068
10598,-0.19856782
10599,-0.5847796
10600,-0.84298396
10601,-0.3102902
10602,-0.50247407
10603,-0.000557478
10604,-0.37352088
10605,-0.52259934
10606,0.007881997
10607,0.1121422
10608,-0.25057122
10609,-0.44240057
10610,-0.28560397
10611,-0.48045656
10612,-0.5196604
10613,0.33230492
10614,-0.4506906
10615,-0.40748987
10616,-0.5112391
10617,-0.82747066
10618,-0.19716425
10619,-0.41753793
10620,-0.5368802
10621,-0.7076479
10622,0.023515467
10623,0.04920977
10624,0.12790903
10625,-0.750422
10626,-1.1206567
10627,-0.33142945
10628,-0.5642185
10629,0.34995565
10630,0.11381061
10631,-0.41501954
10632,-0.3896918
10633,0.43510267
10634,1.7383945
10635,-0.7507801
10636,-0.19129439
10637,-0.038851775
10638,0.18019536
10639,-0.48081675
10640,0.13705269
10641,-0.39230967
10642,-0.2068484
10643,-0.18978785
10644,0.018327717
10645,-0.19252868
10646,-0.102685384
10647,0.73407006
10648,-0.22347969
10649,-0.70100254
10650,-0.15146054
10651,0.01307348
10652,-0.5386817
10653,-0.7160845
10654,-1.0894884
10655,0.28184694
10656,-0.2707183
10657,-0.036093675
10658,-0.1369678
10659,-0.84127134
10660,0.11740587
10661,-0.36518022
10662,-0.168153
10663,0.5037364
10664,1.022515
10665,-1.1064751
10666,-0.24049638
10667,1.0235231
10668,0.11091166
10669,-0.54924715
10670,0.24233817
10671,-0.40198886
10672,-0.2309161
10673,-0.2261383
10674,-0.24223311
10675,-0.7360885
10676,-0.7113778
10677,0.52094567
10678,-0.5924312
10679,-0.74321026
10680,-0.124972425
10681,-0.5359042
10682,-0.4168122
10683,0.009682221
10684,-0.73580223
10685,-0.44909558
10686,-1.1349721
10687,-0.5560298
10688,-0.8666623
10689,0.0514119
10690,-0.30010644
10691,0.9882046
10692,-0.41267058
10693,-0.26672587
10694,-0.47330567
10695,-0.6238822
10696,-0.3076751
10697,-0.18496169
10698,-0.56376594
10699,0.16997732
10700,-0.7720817
10701,-0.077325635
10702,-0.55672127
10703,-0.28476855
10704,-0.6855548
10705,-0.46454868
10706,-0.7854844
10707,-0.198245
10708,0.10289209
10709,-0.14133735
10710,-0.6585418
10711,-0.4151186
10712,0.19623633
10713,-0.34843037
10714,-0.22166684
10715,-0.38346657
10716,0.86896074
10717,-0.7632905
10718,-0.56955194
10719,-0.06908483
10720,0.04813442
10721,-0.85396034
10722,-0.00030618472
10723,1.2475507
10724,-0.5225323
10725,-0.28042844
10726,-0.070689775
10727,-1.0431806
10728,-0.6991415
10729,-0.52199405
10730,1.1733671
10731,-0.79421747
10732,-0.19055666
10733,-1.1152111
10734,-0.6138515
10735,-0.982499
10736,-0.36876854
10737,0.63055956
10738,-0.26169905
10739,0.24732028
10740,-0.19367556
10741,-0.94119394
10742,-0.33598328
10743,-0.46532425
10744,-0.30306575
10745,-0.9804675
10746,-0.08544437
10747,-0.18428387
10748,-0.49455294
10749,-1.4844
10750,0.3966199
10751,-0.040496975
10752,0.66868657
10753,0.66628104
10754,-0.2752057
10755,0.0027045053
10756,0.3410118
10757,0.25538117
10758,-0.49785402
10759,-0.17568086
10760,-0.9660834
10761,-1.02859
10762,-0.53026426
10763,0.69967526
10764,1.274631
10765,-0.05964487
10766,-0.09598889
10767,0.15858471
10768,-0.12581599
10769,0.109361
10770,0.2550542
10771,-0.030131016
10772,-0.21865892
10773,0.18681274
10774,-0.5944979
10775,-0.656589
10776,0.19225205
10777,0.12951575
10778,-0.55517435
10779,-0.040844493
10780,-0.008709418
10781,-0.48957583
10782,-0.706254
10783,1.4468658
10784,-0.07122161
10785,0.32264447
10786,-0.22127742
10787,0.74132264
10788,0.1066177
10789,-0.7794263
10790,-0.71282864
10791,0.023624647
10792,0.63879544
10793,-0.47253218
10794,-0.7620851
10795,0.24893056
10796,0.03652958
10797,-0.8499204
10798,0.23403336
10799,0.02854168
10800,-0.30048057
10801,0.686654
10802,0.141769
10803,-0.049114354
10804,-0.6601753
10805,1.3001307
10806,0.18047655
10807,-0.114523955
10808,-0.25347242
10809,0.0008203281
10810,-0.21009631
10811,-0.4562352
10812,1.8981724
10813,-0.36673525
10814,-0.37817731
10815,-0.51726574
10816,1.0906558
10817,-0.17006956
10818,-0.33867136
10819,-0.4474738
10820,-0.25745544
10821,-0.8342822
10822,-0.11222675
10823,0.24080999
10824,1.2530171
10825,-0.5494463
10826,-0.69173163
10827,-0.5782763
10828,-0.27385274
10829,-0.24700354
10830,-0.736831
10831,-0.3443447
10832,-0.5064184
10833,-0.48474637
10834,-0.7334854
10835,-0.5255706
10836,-0.31022903
10837,-1.015776
10838,-0.30420586
10839,-1.1913924
10840,-0.067178294
10841,0.17104925
10842,0.6527179
10843,-0.7954584
10844,0.88073325
10845,-0.17638831
10846,-0.26198688
10847,-0.17668672
10848,-0.5219092
10849,-0.15666397
10850,0.14784019
10851,-0.2668495
10852,-0.16586162
10853,-0.6373534
10854,-1.0849133
10855,-0.012703048
10856,-0.23570597
10857,1.3381114
10858,-0.37381506
10859,-0.1305316
10860,-0.8100229
10861,-0.17671551
10862,0.21387158
10863,-0.061100833
10864,-0.40179995
10865,-0.4944551
10866,0.5723326
10867,1.2241266
10868,-0.36098698
10869,-0.31660357
10870,-0.38237044
10871,0.06763784
10872,-0.83695716
10873,0.39469168
10874,0.19422905
10875,-0.13740852
10876,0.10290056
10877,-0.54980665
10878,0.87829304
10879,-0.23914392
10880,0.105888136
10881,-0.3004509
10882,0.19881053
10883,0.8754732
10884,0.56429315
10885,-0.0038945111
10886,-0.52290535
10887,-0.6912766
10888,-0.53813726
10889,-0.060585983
10890,-0.6458969
10891,-0.33382156
10892,-0.401442
10893,-0.12598714
10894,0.48140457
10895,-0.37052575
10896,0.32628742
10897,-0.42249134
10898,-0.691383
10899,-1.1311876
10900,-0.4079146
10901,0.8117295
10902,-0.10856163
10903,-0.6437762
10904,-0.84143275
10905,-1.2253165
10906,-0.7408014
10907,-0.5771789
10908,-0.12750334
10909,-0.12022791
10910,2.0051436
10911,0.33995655
10912,-0.011441277
10913,-0.658296
10914,0.63279396
10915,0.29341215
10916,-0.40077186
10917,-0.5399665
10918,-0.14224753
10919,-0.29437527
10920,-0.5031697
10921,-0.60445493
10922,0.04017841
10923,-0.27988657
10924,-0.4410713
10925,-0.35812524
10926,-0.43045858
10927,0.49782452
10928,-0.23847993
10929,0.31508675
10930,1.2956073
10931,0.2251172
10932,0.12889788
10933,-0.9706541
10934,-0.1441648
10935,-0.29489017
10936,-0.2809678
10937,-0.5523173
10938,-0.8252424
10939,-0.2866254
10940,-0.31650224
10941,0.2424923
10942,-0.30865905
10943,0.3908099
10944,-0.8225276
10945,-0.81284946
10946,0.14901663
10947,0.73061454
10948,-0.082661964
10949,-0.38373157
10950,-0.5862611
10951,-0.090778135
10952,0.026002493
10953,0.6840074
10954,-0.4338602
10955,-0.39653754
10956,0.30329797
10957,-0.11872739
10958,0.79873526
10959,-0.40142497
10960,0.36661544
10961,-0.07791215
10962,-0.49435785
10963,-0.9275206
10964,-0.0024741176
10965,-0.8217961
10966,0.23168133
10967,-0.15763941
10968,0.68654823
